timestamp,from_station,to_station,direction
2025-01-01T00:00:00Z,S1,S2,downstream
2025-01-01T00:00:00Z,S2,S3,downstream
2025-01-01T00:00:00Z,S3,S4,downstream
2025-01-01T06:00:00Z,S1,S2,downstream
2025-01-01T06:00:00Z,S2,S3,downstream
2025-01-01T06:00:00Z,S3,S4,downstream
2025-01-01T12:00:00Z,S1,S2,downstream
2025-01-01T12:00:00Z,S2,S3,downstream
2025-01-01T12:00:00Z,S3,S4,downstream
2025-01-01T18:00:00Z,S1,S2,downstream
2025-01-01T18:00:00Z,S2,S3,downstream
2025-01-01T18:00:00Z,S3,S4,downstream
2025-01-02T00:00:00Z,S1,S2,downstream
2025-01-02T00:00:00Z,S2,S3,downstream
2025-01-02T00:00:00Z,S3,S4,downstream
2025-01-02T06:00:00Z,S1,S2,downstream
2025-01-02T06:00:00Z,S2,S3,downstream
2025-01-02T06:00:00Z,S3,S4,downstream
2025-01-02T12:00:00Z,S1,S2,downstream
2025-01-02T12:00:00Z,S2,S3,downstream
2025-01-02T12:00:00Z,S3,S4,downstream
2025-01-02T18:00:00Z,S1,S2,downstream
2025-01-02T18:00:00Z,S2,S3,downstream
2025-01-02T18:00:00Z,S3,S4,downstream
2025-01-03T00:00:00Z,S1,S2,downstream
2025-01-03T00:00:00Z,S2,S3,downstream
2025-01-03T00:00:00Z,S3,S4,downstream
2025-01-03T06:00:00Z,S1,S2,downstream
2025-01-03T06:00:00Z,S2,S3,downstream
2025-01-03T06:00:00Z,S3,S4,downstream
2025-01-03T12:00:00Z,S1,S2,downstream
2025-01-03T12:00:00Z,S2,S3,downstream
2025-01-03T12:00:00Z,S3,S4,downstream
2025-01-03T18:00:00Z,S1,S2,downstream
2025-01-03T18:00:00Z,S2,S3,downstream
2025-01-03T18:00:00Z,S3,S4,downstream
