timestamp,station_id,parameter,value
2025-01-01T00:00:00Z,S1,turbidity_ntu,4.8
2025-01-01T00:00:00Z,S2,turbidity_ntu,5.2
2025-01-01T00:00:00Z,S3,turbidity_ntu,5.5
2025-01-01T00:00:00Z,S4,turbidity_ntu,5.7
2025-01-01T06:00:00Z,S1,turbidity_ntu,5.0
2025-01-01T06:00:00Z,S2,turbidity_ntu,5.4
2025-01-01T06:00:00Z,S3,turbidity_ntu,5.6
2025-01-01T06:00:00Z,S4,turbidity_ntu,5.9
2025-01-01T12:00:00Z,S1,turbidity_ntu,5.1
2025-01-01T12:00:00Z,S2,turbidity_ntu,18.5
2025-01-01T12:00:00Z,S3,turbidity_ntu,22.0
2025-01-01T12:00:00Z,S4,turbidity_ntu,17.5
2025-01-01T18:00:00Z,S1,turbidity_ntu,4.9
2025-01-01T18:00:00Z,S2,turbidity_ntu,5.3
2025-01-01T18:00:00Z,S3,turbidity_ntu,5.8
2025-01-01T18:00:00Z,S4,turbidity_ntu,6.1
2025-01-02T00:00:00Z,S1,turbidity_ntu,5.2
2025-01-02T00:00:00Z,S2,turbidity_ntu,5.5
2025-01-02T00:00:00Z,S3,turbidity_ntu,5.9
2025-01-02T00:00:00Z,S4,turbidity_ntu,6.2
2025-01-02T06:00:00Z,S1,turbidity_ntu,5.0
2025-01-02T06:00:00Z,S2,turbidity_ntu,5.6
2025-01-02T06:00:00Z,S3,turbidity_ntu,6.0
2025-01-02T06:00:00Z,S4,turbidity_ntu,6.3
2025-01-02T12:00:00Z,S1,turbidity_ntu,5.1
2025-01-02T12:00:00Z,S2,turbidity_ntu,19.5
2025-01-02T12:00:00Z,S3,turbidity_ntu,28.0
2025-01-02T12:00:00Z,S4,turbidity_ntu,24.5
2025-01-02T18:00:00Z,S1,turbidity_ntu,5.2
2025-01-02T18:00:00Z,S2,turbidity_ntu,18.0
2025-01-02T18:00:00Z,S3,turbidity_ntu,23.0
2025-01-02T18:00:00Z,S4,turbidity_ntu,19.0
2025-01-03T00:00:00Z,S1,turbidity_ntu,5.0
2025-01-03T00:00:00Z,S2,turbidity_ntu,5.7
2025-01-03T00:00:00Z,S3,turbidity_ntu,6.1
2025-01-03T00:00:00Z,S4,turbidity_ntu,6.4
2025-01-03T06:00:00Z,S1,turbidity_ntu,5.1
2025-01-03T06:00:00Z,S2,turbidity_ntu,5.8
2025-01-03T06:00:00Z,S3,turbidity_ntu,6.2
2025-01-03T06:00:00Z,S4,turbidity_ntu,6.5
2025-01-03T12:00:00Z,S1,turbidity_ntu,21.0
2025-01-03T12:00:00Z,S2,turbidity_ntu,6.0
2025-01-03T12:00:00Z,S3,turbidity_ntu,6.4
2025-01-03T12:00:00Z,S4,turbidity_ntu,6.6
2025-01-03T18:00:00Z,S1,turbidity_ntu,17.0
2025-01-03T18:00:00Z,S2,turbidity_ntu,5.9
2025-01-03T18:00:00Z,S3,turbidity_ntu,6.3
2025-01-03T18:00:00Z,S4,turbidity_ntu,6.7
