event_id,source_id,affected_station,sensor_anomaly_evidence_available,sensor_anomaly_value,sensor_anomaly_parameter,sensor_anomaly_severity,upstream_compatibility,upstream_evidence_available,discharge_timing_match,discharge_evidence_available,operating_event_match,operating_event_evidence_available,sensor_timing_relationship,sensor_timing_evidence_available,citizen_observation_evidence_available,citizen_observation_match_count,citizen_observation_data_status,satellite_environmental_evidence_available,satellite_environmental_match_count,satellite_environmental_data_status,evidence_available,evidence_components_available,evidence_components_unavailable,evidence_summary,score_coverage,upstream_score_contribution,discharge_timing_score_contribution,operating_event_score_contribution,sensor_timing_score_contribution,score,confidence,reasons,rank
PE0001,U3,S1,True,21.0,turbidity_ntu,critical,0.0,True,1.0,True,0.0,True,0.0,True,False,0,unavailable,False,0,unavailable,Evidence available,"sensor anomaly event (event context, not source attribution); river flow/upstream relationship; discharge schedule; operating event",citizen observation data; satellite/environmental observation data,"Available evidence: sensor anomaly event (event context, not source attribution); river flow/upstream relationship; discharge schedule; operating event. Unavailable evidence: citizen observation data; satellite/environmental observation data.",1.0,0.0,0.3,0.0,0.0,0.3,Low,"U3 remains a lower-confidence candidate for manual inspection. Observed flow does not support transport from the unit station to the affected station. Discharge schedule overlaps the pollution event. Latest unit operation status was 'idle', not active. Sensor timing does not establish a supported transport relationship. Available evidence: sensor anomaly event (event context, not source attribution); river flow/upstream relationship; discharge schedule; operating event. Unavailable evidence: citizen observation data; satellite/environmental observation data.",1
PE0001,U1,S1,True,21.0,turbidity_ntu,critical,0.5,True,0.0,True,0.0,False,0.5,True,False,0,unavailable,False,0,unavailable,Evidence available,"sensor anomaly event (event context, not source attribution); river flow/upstream relationship; discharge schedule",operating event; citizen observation data; satellite/environmental observation data,"Available evidence: sensor anomaly event (event context, not source attribution); river flow/upstream relationship; discharge schedule. Unavailable evidence: operating event; citizen observation data; satellite/environmental observation data.",0.8,0.15,0.0,0.0,0.1,0.25,Low,"U1 remains a lower-confidence candidate for manual inspection. Unit shares the affected monitoring station; no upstream path was established. No matching scheduled discharge was found in the available schedule. Operating-event evidence is unavailable for the relevant period. The unit and affected station share a location, but downstream transport was not established. Available evidence: sensor anomaly event (event context, not source attribution); river flow/upstream relationship; discharge schedule. Unavailable evidence: operating event; citizen observation data; satellite/environmental observation data.",2
PE0001,U2,S1,True,21.0,turbidity_ntu,critical,0.0,True,0.0,True,0.0,False,0.0,True,False,0,unavailable,False,0,unavailable,Evidence available,"sensor anomaly event (event context, not source attribution); river flow/upstream relationship; discharge schedule",operating event; citizen observation data; satellite/environmental observation data,"Available evidence: sensor anomaly event (event context, not source attribution); river flow/upstream relationship; discharge schedule. Unavailable evidence: operating event; citizen observation data; satellite/environmental observation data.",0.8,0.0,0.0,0.0,0.0,0.0,Low,"U2 remains a lower-confidence candidate for manual inspection. Observed flow does not support transport from the unit station to the affected station. No matching scheduled discharge was found in the available schedule. Operating-event evidence is unavailable for the relevant period. Sensor timing does not establish a supported transport relationship. Available evidence: sensor anomaly event (event context, not source attribution); river flow/upstream relationship; discharge schedule. Unavailable evidence: operating event; citizen observation data; satellite/environmental observation data.",3
PE0002,U1,S2,True,18.5,turbidity_ntu,critical,1.0,True,0.8,True,1.0,True,1.0,True,False,0,unavailable,False,0,unavailable,Evidence available,"sensor anomaly event (event context, not source attribution); river flow/upstream relationship; discharge schedule; operating event",citizen observation data; satellite/environmental observation data,"Available evidence: sensor anomaly event (event context, not source attribution); river flow/upstream relationship; discharge schedule; operating event. Unavailable evidence: citizen observation data; satellite/environmental observation data.",1.0,0.3,0.24,0.2,0.2,0.94,High,"U1 is a high-priority plausible source for inspection. Unit station is upstream of the affected station under the observed flow. Scheduled discharge ended shortly before the pollution event. Unit operation record shows active status during the relevant period. Flow snapshot and event timing are consistent with downstream transport. Available evidence: sensor anomaly event (event context, not source attribution); river flow/upstream relationship; discharge schedule; operating event. Unavailable evidence: citizen observation data; satellite/environmental observation data.",1
PE0002,U2,S2,True,18.5,turbidity_ntu,critical,0.5,True,0.0,True,0.0,False,0.5,True,False,0,unavailable,False,0,unavailable,Evidence available,"sensor anomaly event (event context, not source attribution); river flow/upstream relationship; discharge schedule",operating event; citizen observation data; satellite/environmental observation data,"Available evidence: sensor anomaly event (event context, not source attribution); river flow/upstream relationship; discharge schedule. Unavailable evidence: operating event; citizen observation data; satellite/environmental observation data.",0.8,0.15,0.0,0.0,0.1,0.25,Low,"U2 remains a lower-confidence candidate for manual inspection. Unit shares the affected monitoring station; no upstream path was established. No matching scheduled discharge was found in the available schedule. Operating-event evidence is unavailable for the relevant period. The unit and affected station share a location, but downstream transport was not established. Available evidence: sensor anomaly event (event context, not source attribution); river flow/upstream relationship; discharge schedule. Unavailable evidence: operating event; citizen observation data; satellite/environmental observation data.",2
PE0002,U3,S2,True,18.5,turbidity_ntu,critical,0.0,True,0.0,True,0.0,False,0.0,True,False,0,unavailable,False,0,unavailable,Evidence available,"sensor anomaly event (event context, not source attribution); river flow/upstream relationship; discharge schedule",operating event; citizen observation data; satellite/environmental observation data,"Available evidence: sensor anomaly event (event context, not source attribution); river flow/upstream relationship; discharge schedule. Unavailable evidence: operating event; citizen observation data; satellite/environmental observation data.",0.8,0.0,0.0,0.0,0.0,0.0,Low,"U3 remains a lower-confidence candidate for manual inspection. Observed flow does not support transport from the unit station to the affected station. No matching scheduled discharge was found in the available schedule. Operating-event evidence is unavailable for the relevant period. Sensor timing does not establish a supported transport relationship. Available evidence: sensor anomaly event (event context, not source attribution); river flow/upstream relationship; discharge schedule. Unavailable evidence: operating event; citizen observation data; satellite/environmental observation data.",3
PE0003,U2,S2,True,19.5,turbidity_ntu,critical,0.5,True,1.0,True,0.2,True,0.5,True,False,0,unavailable,False,0,unavailable,Evidence available,"sensor anomaly event (event context, not source attribution); river flow/upstream relationship; discharge schedule; operating event",citizen observation data; satellite/environmental observation data,"Available evidence: sensor anomaly event (event context, not source attribution); river flow/upstream relationship; discharge schedule; operating event. Unavailable evidence: citizen observation data; satellite/environmental observation data.",1.0,0.15,0.3,0.04,0.1,0.59,Medium,"U2 remains a lower-confidence candidate for manual inspection. Unit shares the affected monitoring station; no upstream path was established. Discharge schedule overlaps the pollution event. Unit was in maintenance during the relevant period. The unit and affected station share a location, but downstream transport was not established. Available evidence: sensor anomaly event (event context, not source attribution); river flow/upstream relationship; discharge schedule; operating event. Unavailable evidence: citizen observation data; satellite/environmental observation data.",1
PE0003,U1,S2,True,19.5,turbidity_ntu,critical,1.0,True,0.0,True,0.0,False,1.0,True,False,0,unavailable,False,0,unavailable,Evidence available,"sensor anomaly event (event context, not source attribution); river flow/upstream relationship; discharge schedule",operating event; citizen observation data; satellite/environmental observation data,"Available evidence: sensor anomaly event (event context, not source attribution); river flow/upstream relationship; discharge schedule. Unavailable evidence: operating event; citizen observation data; satellite/environmental observation data.",0.8,0.3,0.0,0.0,0.2,0.5,Medium,"U1 is a medium-priority plausible source for inspection. Unit station is upstream of the affected station under the observed flow. No matching scheduled discharge was found in the available schedule. Operating-event evidence is unavailable for the relevant period. Flow snapshot and event timing are consistent with downstream transport. Available evidence: sensor anomaly event (event context, not source attribution); river flow/upstream relationship; discharge schedule. Unavailable evidence: operating event; citizen observation data; satellite/environmental observation data.",2
PE0003,U3,S2,True,19.5,turbidity_ntu,critical,0.0,True,0.0,True,0.0,False,0.0,True,False,0,unavailable,False,0,unavailable,Evidence available,"sensor anomaly event (event context, not source attribution); river flow/upstream relationship; discharge schedule",operating event; citizen observation data; satellite/environmental observation data,"Available evidence: sensor anomaly event (event context, not source attribution); river flow/upstream relationship; discharge schedule. Unavailable evidence: operating event; citizen observation data; satellite/environmental observation data.",0.8,0.0,0.0,0.0,0.0,0.0,Low,"U3 remains a lower-confidence candidate for manual inspection. Observed flow does not support transport from the unit station to the affected station. No matching scheduled discharge was found in the available schedule. Operating-event evidence is unavailable for the relevant period. Sensor timing does not establish a supported transport relationship. Available evidence: sensor anomaly event (event context, not source attribution); river flow/upstream relationship; discharge schedule. Unavailable evidence: operating event; citizen observation data; satellite/environmental observation data.",3
PE0004,U1,S3,True,22.0,turbidity_ntu,critical,1.0,True,0.8,True,1.0,True,1.0,True,False,0,unavailable,False,0,unavailable,Evidence available,"sensor anomaly event (event context, not source attribution); river flow/upstream relationship; discharge schedule; operating event",citizen observation data; satellite/environmental observation data,"Available evidence: sensor anomaly event (event context, not source attribution); river flow/upstream relationship; discharge schedule; operating event. Unavailable evidence: citizen observation data; satellite/environmental observation data.",1.0,0.3,0.24,0.2,0.2,0.94,High,"U1 is a high-priority plausible source for inspection. Unit station is upstream of the affected station under the observed flow. Scheduled discharge ended shortly before the pollution event. Unit operation record shows active status during the relevant period. Flow snapshot and event timing are consistent with downstream transport. Available evidence: sensor anomaly event (event context, not source attribution); river flow/upstream relationship; discharge schedule; operating event. Unavailable evidence: citizen observation data; satellite/environmental observation data.",1
PE0004,U2,S3,True,22.0,turbidity_ntu,critical,1.0,True,0.0,True,0.0,False,1.0,True,False,0,unavailable,False,0,unavailable,Evidence available,"sensor anomaly event (event context, not source attribution); river flow/upstream relationship; discharge schedule",operating event; citizen observation data; satellite/environmental observation data,"Available evidence: sensor anomaly event (event context, not source attribution); river flow/upstream relationship; discharge schedule. Unavailable evidence: operating event; citizen observation data; satellite/environmental observation data.",0.8,0.3,0.0,0.0,0.2,0.5,Medium,"U2 is a medium-priority plausible source for inspection. Unit station is upstream of the affected station under the observed flow. No matching scheduled discharge was found in the available schedule. Operating-event evidence is unavailable for the relevant period. Flow snapshot and event timing are consistent with downstream transport. Available evidence: sensor anomaly event (event context, not source attribution); river flow/upstream relationship; discharge schedule. Unavailable evidence: operating event; citizen observation data; satellite/environmental observation data.",2
PE0004,U3,S3,True,22.0,turbidity_ntu,critical,0.5,True,0.0,True,0.0,False,0.5,True,False,0,unavailable,False,0,unavailable,Evidence available,"sensor anomaly event (event context, not source attribution); river flow/upstream relationship; discharge schedule",operating event; citizen observation data; satellite/environmental observation data,"Available evidence: sensor anomaly event (event context, not source attribution); river flow/upstream relationship; discharge schedule. Unavailable evidence: operating event; citizen observation data; satellite/environmental observation data.",0.8,0.15,0.0,0.0,0.1,0.25,Low,"U3 remains a lower-confidence candidate for manual inspection. Unit shares the affected monitoring station; no upstream path was established. No matching scheduled discharge was found in the available schedule. Operating-event evidence is unavailable for the relevant period. The unit and affected station share a location, but downstream transport was not established. Available evidence: sensor anomaly event (event context, not source attribution); river flow/upstream relationship; discharge schedule. Unavailable evidence: operating event; citizen observation data; satellite/environmental observation data.",3
PE0005,U2,S3,True,28.0,turbidity_ntu,critical,1.0,True,1.0,True,0.2,True,1.0,True,False,0,unavailable,False,0,unavailable,Evidence available,"sensor anomaly event (event context, not source attribution); river flow/upstream relationship; discharge schedule; operating event",citizen observation data; satellite/environmental observation data,"Available evidence: sensor anomaly event (event context, not source attribution); river flow/upstream relationship; discharge schedule; operating event. Unavailable evidence: citizen observation data; satellite/environmental observation data.",1.0,0.3,0.3,0.04,0.2,0.84,High,"U2 is a high-priority plausible source for inspection. Unit station is upstream of the affected station under the observed flow. Discharge schedule overlaps the pollution event. Unit was in maintenance during the relevant period. Flow snapshot and event timing are consistent with downstream transport. Available evidence: sensor anomaly event (event context, not source attribution); river flow/upstream relationship; discharge schedule; operating event. Unavailable evidence: citizen observation data; satellite/environmental observation data.",1
PE0005,U1,S3,True,28.0,turbidity_ntu,critical,1.0,True,0.0,True,0.0,False,1.0,True,False,0,unavailable,False,0,unavailable,Evidence available,"sensor anomaly event (event context, not source attribution); river flow/upstream relationship; discharge schedule",operating event; citizen observation data; satellite/environmental observation data,"Available evidence: sensor anomaly event (event context, not source attribution); river flow/upstream relationship; discharge schedule. Unavailable evidence: operating event; citizen observation data; satellite/environmental observation data.",0.8,0.3,0.0,0.0,0.2,0.5,Medium,"U1 is a medium-priority plausible source for inspection. Unit station is upstream of the affected station under the observed flow. No matching scheduled discharge was found in the available schedule. Operating-event evidence is unavailable for the relevant period. Flow snapshot and event timing are consistent with downstream transport. Available evidence: sensor anomaly event (event context, not source attribution); river flow/upstream relationship; discharge schedule. Unavailable evidence: operating event; citizen observation data; satellite/environmental observation data.",2
PE0005,U3,S3,True,28.0,turbidity_ntu,critical,0.5,True,0.0,True,0.0,False,0.5,True,False,0,unavailable,False,0,unavailable,Evidence available,"sensor anomaly event (event context, not source attribution); river flow/upstream relationship; discharge schedule",operating event; citizen observation data; satellite/environmental observation data,"Available evidence: sensor anomaly event (event context, not source attribution); river flow/upstream relationship; discharge schedule. Unavailable evidence: operating event; citizen observation data; satellite/environmental observation data.",0.8,0.15,0.0,0.0,0.1,0.25,Low,"U3 remains a lower-confidence candidate for manual inspection. Unit shares the affected monitoring station; no upstream path was established. No matching scheduled discharge was found in the available schedule. Operating-event evidence is unavailable for the relevant period. The unit and affected station share a location, but downstream transport was not established. Available evidence: sensor anomaly event (event context, not source attribution); river flow/upstream relationship; discharge schedule. Unavailable evidence: operating event; citizen observation data; satellite/environmental observation data.",3
PE0006,U1,S4,True,17.5,turbidity_ntu,critical,1.0,True,0.8,True,1.0,True,1.0,True,False,0,unavailable,False,0,unavailable,Evidence available,"sensor anomaly event (event context, not source attribution); river flow/upstream relationship; discharge schedule; operating event",citizen observation data; satellite/environmental observation data,"Available evidence: sensor anomaly event (event context, not source attribution); river flow/upstream relationship; discharge schedule; operating event. Unavailable evidence: citizen observation data; satellite/environmental observation data.",1.0,0.3,0.24,0.2,0.2,0.94,High,"U1 is a high-priority plausible source for inspection. Unit station is upstream of the affected station under the observed flow. Scheduled discharge ended shortly before the pollution event. Unit operation record shows active status during the relevant period. Flow snapshot and event timing are consistent with downstream transport. Available evidence: sensor anomaly event (event context, not source attribution); river flow/upstream relationship; discharge schedule; operating event. Unavailable evidence: citizen observation data; satellite/environmental observation data.",1
PE0006,U2,S4,True,17.5,turbidity_ntu,critical,1.0,True,0.0,True,0.0,False,1.0,True,False,0,unavailable,False,0,unavailable,Evidence available,"sensor anomaly event (event context, not source attribution); river flow/upstream relationship; discharge schedule",operating event; citizen observation data; satellite/environmental observation data,"Available evidence: sensor anomaly event (event context, not source attribution); river flow/upstream relationship; discharge schedule. Unavailable evidence: operating event; citizen observation data; satellite/environmental observation data.",0.8,0.3,0.0,0.0,0.2,0.5,Medium,"U2 is a medium-priority plausible source for inspection. Unit station is upstream of the affected station under the observed flow. No matching scheduled discharge was found in the available schedule. Operating-event evidence is unavailable for the relevant period. Flow snapshot and event timing are consistent with downstream transport. Available evidence: sensor anomaly event (event context, not source attribution); river flow/upstream relationship; discharge schedule. Unavailable evidence: operating event; citizen observation data; satellite/environmental observation data.",2
PE0006,U3,S4,True,17.5,turbidity_ntu,critical,1.0,True,0.0,True,0.0,False,1.0,True,False,0,unavailable,False,0,unavailable,Evidence available,"sensor anomaly event (event context, not source attribution); river flow/upstream relationship; discharge schedule",operating event; citizen observation data; satellite/environmental observation data,"Available evidence: sensor anomaly event (event context, not source attribution); river flow/upstream relationship; discharge schedule. Unavailable evidence: operating event; citizen observation data; satellite/environmental observation data.",0.8,0.3,0.0,0.0,0.2,0.5,Medium,"U3 is a medium-priority plausible source for inspection. Unit station is upstream of the affected station under the observed flow. No matching scheduled discharge was found in the available schedule. Operating-event evidence is unavailable for the relevant period. Flow snapshot and event timing are consistent with downstream transport. Available evidence: sensor anomaly event (event context, not source attribution); river flow/upstream relationship; discharge schedule. Unavailable evidence: operating event; citizen observation data; satellite/environmental observation data.",3
PE0007,U2,S4,True,24.5,turbidity_ntu,critical,1.0,True,1.0,True,0.2,True,1.0,True,False,0,unavailable,False,0,unavailable,Evidence available,"sensor anomaly event (event context, not source attribution); river flow/upstream relationship; discharge schedule; operating event",citizen observation data; satellite/environmental observation data,"Available evidence: sensor anomaly event (event context, not source attribution); river flow/upstream relationship; discharge schedule; operating event. Unavailable evidence: citizen observation data; satellite/environmental observation data.",1.0,0.3,0.3,0.04,0.2,0.84,High,"U2 is a high-priority plausible source for inspection. Unit station is upstream of the affected station under the observed flow. Discharge schedule overlaps the pollution event. Unit was in maintenance during the relevant period. Flow snapshot and event timing are consistent with downstream transport. Available evidence: sensor anomaly event (event context, not source attribution); river flow/upstream relationship; discharge schedule; operating event. Unavailable evidence: citizen observation data; satellite/environmental observation data.",1
PE0007,U1,S4,True,24.5,turbidity_ntu,critical,1.0,True,0.0,True,0.0,False,1.0,True,False,0,unavailable,False,0,unavailable,Evidence available,"sensor anomaly event (event context, not source attribution); river flow/upstream relationship; discharge schedule",operating event; citizen observation data; satellite/environmental observation data,"Available evidence: sensor anomaly event (event context, not source attribution); river flow/upstream relationship; discharge schedule. Unavailable evidence: operating event; citizen observation data; satellite/environmental observation data.",0.8,0.3,0.0,0.0,0.2,0.5,Medium,"U1 is a medium-priority plausible source for inspection. Unit station is upstream of the affected station under the observed flow. No matching scheduled discharge was found in the available schedule. Operating-event evidence is unavailable for the relevant period. Flow snapshot and event timing are consistent with downstream transport. Available evidence: sensor anomaly event (event context, not source attribution); river flow/upstream relationship; discharge schedule. Unavailable evidence: operating event; citizen observation data; satellite/environmental observation data.",2
PE0007,U3,S4,True,24.5,turbidity_ntu,critical,1.0,True,0.0,True,0.0,False,1.0,True,False,0,unavailable,False,0,unavailable,Evidence available,"sensor anomaly event (event context, not source attribution); river flow/upstream relationship; discharge schedule",operating event; citizen observation data; satellite/environmental observation data,"Available evidence: sensor anomaly event (event context, not source attribution); river flow/upstream relationship; discharge schedule. Unavailable evidence: operating event; citizen observation data; satellite/environmental observation data.",0.8,0.3,0.0,0.0,0.2,0.5,Medium,"U3 is a medium-priority plausible source for inspection. Unit station is upstream of the affected station under the observed flow. No matching scheduled discharge was found in the available schedule. Operating-event evidence is unavailable for the relevant period. Flow snapshot and event timing are consistent with downstream transport. Available evidence: sensor anomaly event (event context, not source attribution); river flow/upstream relationship; discharge schedule. Unavailable evidence: operating event; citizen observation data; satellite/environmental observation data.",3
